ID,Name,Type,Jan 2015 (kBtu),Feb 2015 (kBtu),Mar 2015 (kBtu),Apr 2015 (kBtu),May 2015 (kBtu),Jun 2015 (kBtu),Jul 2015 (kBtu),Aug 2015 (kBtu),Sep 2015 (kBtu),Oct 2015 (kBtu),Nov 2015 (kBtu),Dec 2015 (kBtu),Jan 2016 (kBtu),Feb 2016 (kBtu),Mar 2016 (kBtu),Apr 2016 (kBtu),May 2016 (kBtu),Jun 2016 (kBtu),Jul 2016 (kBtu),Aug 2016 (kBtu),Sep 2016 (kBtu),Oct 2016 (kBtu),Nov 2016 (kBtu),Dec 2016 (kBtu),Jan 2017 (kBtu),Feb 2017 (kBtu),Mar 2017 (kBtu),Apr 2017 (kBtu),May 2017 (kBtu),Jun 2017 (kBtu),Jul 2017 (kBtu),Aug 2017 (kBtu),Sep 2017 (kBtu),Oct 2017 (kBtu),Nov 2017 (kBtu),Dec 2017 (kBtu),Jan 2018 (kBtu),Feb 2018 (kBtu),Mar 2018 (kBtu),Apr 2018 (kBtu),May 2018 (kBtu),Jun 2018 (kBtu),Jul 2018 (kBtu),Aug 2018 (kBtu),Sep 2018 (kBtu),Oct 2018 (kBtu),Nov 2018 (kBtu),Dec 2018 (kBtu),Jan 2019 (kBtu),Feb 2019 (kBtu),Mar 2019 (kBtu),Apr 2019 (kBtu),May 2019 (kBtu),Jun 2019 (kBtu),Jul 2019 (kBtu),Aug 2019 (kBtu),Sep 2019 (kBtu),Oct 2019 (kBtu),Nov 2019 (kBtu),Dec 2019 (kBtu),Jan 2020 (kBtu),Feb 2020 (kBtu),Mar 2020 (kBtu),Apr 2020 (kBtu),May 2020 (kBtu),Jun 2020 (kBtu),Jul 2020 (kBtu),Aug 2020 (kBtu),Sep 2020 (kBtu),Oct 2020 (kBtu),Nov 2020 (kBtu),Dec 2020 (kBtu),Jan 2021 (kBtu),Feb 2021 (kBtu),Mar 2021 (kBtu),Apr 2021 (kBtu),May 2021 (kBtu),Jun 2021 (kBtu),Jul 2021 (kBtu),Aug 2021 (kBtu),Sep 2021 (kBtu),Oct 2021 (kBtu),Nov 2021 (kBtu),Dec 2021 (kBtu),Jan 2022 (kBtu),Feb 2022 (kBtu),Mar 2022 (kBtu),Apr 2022 (kBtu),May 2022 (kBtu),Jun 2022 (kBtu),Jul 2022 (kBtu),Aug 2022 (kBtu),Sep 2022 (kBtu),Oct 2022 (kBtu),Nov 2022 (kBtu),Dec 2022 (kBtu),Jan 2023 (kBtu),Feb 2023 (kBtu),Mar 2023 (kBtu),Apr 2023 (kBtu),May 2023 (kBtu),Jun 2023 (kBtu),Jul 2023 (kBtu),Aug 2023 (kBtu),Sep 2023 (kBtu),Oct 2023 (kBtu),Nov 2023 (kBtu),Dec 2023 (kBtu),Total
014,Harford Hall,Other,"50,158","93,493","80,868","91,787","81,209","40,604","60,736","58,006","107,482","104,412","90,081","73,361","60,395","94,858","81,209","103,047","65,172","56,300","62,783","86,668","102,364","98,952","85,986","82,233","58,689","89,398","88,374","94,516","73,702","65,513","68,243","88,033","94,858","90,081","72,644","44,494","60,081","95,055","85,553","93,875","74,835","49,148","62,920","91,097","101,286","103,954","83,454","69,584","60,265","67,588","73,562","89,255","74,337","49,265","90,456","130,770","156,283","139,888","88,357","65,305","53,318","94,803","64,268","55,823","63,282","75,879","68,547","100,140","136,441","72,078","72,484","52,523","46,903","71,065","64,947","75,780","71,283","57,696","46,333","91,486","139,570","130,719","84,532","68,741","55,857","87,750","75,889","96,171","87,545","76,521","91,712","106,469","159,917","130,801","96,659","76,671","56,730","95,475","88,054","106,541","98,611","84,700","81,257","140,870","142,815","147,483","116,313","82,867","9,139,203"
015,Calvert Hall,Residential,"53,912","64,694","60,463","64,285","71,382","25,932","30,982","42,720","60,190","64,421","64,421","58,378","54,287","62,483","62,514","59,631","51,810","45,586","44,010","49,094","59,296","63,155","61,401","61,299","54,874","56,225","61,504","57,853","49,664","42,652","56,662","53,912","55,959","58,689","57,174","46,624","38,093","58,921","60,777","58,126","56,041","49,551","49,394","57,764","59,074","67,680","61,958","58,894","56,580","46,815","58,900","63,868","43,085","39,714","47,640","61,790","67,438","71,976","54,396","49,964","46,654","50,561","42,188","35,326","52,049","43,160","44,576","49,442","62,845","54,448","45,750","45,262","42,853","49,486","46,490","52,308","46,398","40,792","48,589","50,472","57,935","58,116","51,479","48,138","43,853","46,869","47,562","50,578","43,996","40,908","40,560","47,395","55,055","52,718","47,801","47,221","36,786","34,463","46,743","48,852","46,746","47,023","39,400","60,228","50,643","57,549","58,204","46,275","5,629,324"
016,Baltimore Hall,Residential,"19,330","26,465","25,731","30,934","28,969","20,565","18,579","19,825","33,968","30,157","26,567","23,216","20,759","27,645","25,120","27,891","23,400","16,556","19,436","25,806","33,507","27,922","24,683","23,179","18,907","23,042","24,960","29,058","23,196","9,076","19,726","21,906","31,603","31,453","19,555","25,547","16,440","27,451","28,843","28,079","25,079","19,552","23,428","29,153","31,245","32,194","30,515","24,748","22,851","22,551","27,785","31,917","25,652","18,801","30,266","28,621","35,804","37,523","27,321","24,236","20,091","26,519","22,336","15,542","19,988","15,839","28,526","24,141","36,114","29,170","26,448","22,111","17,296","24,492","24,052","28,290","22,131","17,381","19,142","24,008","37,974","35,729","27,198","25,925","21,906","26,625","25,308","29,727","25,564","21,561","20,418","24,294","35,196","31,068","28,679","24,199","17,941","26,188","25,519","29,433","26,990","22,455","20,988","28,427","25,530","25,591","28,345","20,210","2,730,897"
017,Cecil Hall,Residential,0,0,0,0,0,0,0,0,0,0,0,0,0,0,0,0,0,0,0,0,0,0,0,0,0,0,0,0,0,0,0,0,0,0,0,0,0,0,0,0,0,0,0,0,0,0,0,0,0,0,0,0,0,0,0,0,0,0,0,0,0,0,0,0,0,0,0,0,0,0,0,0,0,0,0,0,0,0,0,0,0,0,0,0,0,0,0,0,0,0,0,0,0,0,0,0,0,0,0,0,0,0,0,0,0,0,0,0,0
021,Prince Georges Hall,Residential,"43,948","61,828","58,279","61,828","53,093","48,452","55,277","42,993","71,791","62,783","61,146","50,363","43,948","56,642","55,959","63,193","39,444","33,303","30,982","58,825","66,059","60,736","63,329","60,736","49,271","62,237","67,287","65,513","47,497","51,046","45,177","56,096","59,371","59,644","55,563","38,680","35,568","55,331","59,607","58,754","50,496","35,244","34,951","47,702","67,151","68,826","62,063","50,820","44,457","46,105","54,352","61,456","49,363","38,056","40,437","51,435","68,901","68,594","50,947","45,173","40,427","70,249","41,925","33,135","34,149","30,163","35,544","37,121","41,181","35,742","39,233","36,390","32,422","40,860","39,519","44,955","38,584","32,282","37,291","41,966","63,797","57,754","52,230","50,472","44,293","55,430","59,542","56,109","42,198","32,572","35,517","42,143","61,453","58,129","54,403","55,864","42,215","56,693","57,826","55,618","49,694","34,650","28,147","49,971","54,516","51,974","56,764","43,460","5,394,688"
022,Kent Hall,Residential,"18,426","24,294","48,179",0,"23,749","17,334","22,930","17,334","29,344","28,662","26,478","19,381","18,562","24,431","25,523","28,935","17,880","12,011","13,922","22,520","27,024","27,297","24,704","23,885","17,334","22,247","26,615","26,615","18,016","19,654","19,504","20,759","25,646","25,809","20,991","12,693","18,224","21,050","22,779","23,844","21,725","15,048","17,119","27,263","25,482","27,649","25,656","21,984","18,385","19,053","23,063","25,199","19,633","12,867","18,422","22,329","29,897","32,446","24,025","20,951","17,282","24,114","18,538","13,092","16,293","12,082","13,857","16,805","26,175","24,465","19,825","17,207","13,447","20,855","20,183","22,882","18,279","13,437","12,260","18,306","29,358","28,771","22,981","20,132","15,802","22,039","23,035","25,963","21,264","13,925","16,000","20,179","27,423","27,823","24,318","18,890","13,724","19,773","21,609","26,611","22,240","20,886","15,351","24,758","24,513","26,860","23,902","16,000","2,306,294"
023,Washington Hall,Residential,"23,796","32,804","31,719","37,005","38,192","24,967","20,865","23,789","40,867","35,032","28,563","25,472","23,445","30,651","31,119","34,828","30,085","24,090","22,674","25,441","38,213","31,992","28,355","27,857","21,490","27,516","29,024","34,664","29,297","35,009","23,909","23,271","37,250","34,456","27,966","16,187","20,398","28,239","28,652","27,277","33,589","18,705","28,754","30,341","36,118","36,080","31,641","27,536","25,165","24,758","31,358","38,598","33,255","20,998","25,547","25,963","33,644","38,318","28,771","25,908","23,117","33,514","28,932","17,675","22,721","16,897","29,491","22,739","35,793","31,671","28,751","26,615","20,517","30,139","27,925","31,774","25,130","22,213","16,044","21,340","37,701","34,643","26,369","26,540","22,339","27,655","30,402","33,661","26,396","20,558","19,111","19,446","34,807","33,180","33,279","32,490","21,756","32,521","32,241","34,705","32,709","25,608","23,254","30,242","31,259","32,415","35,749","24,387","3,079,891"
024,Allegany Hall,Residential,"33,439","135,844","69,608","65,377","52,956","52,956","39,035","35,210","322,963","78,698","69,034","55,157","47,463","65,646","64,421","66,506","54,294","42,297","33,398","42,771","73,532","73,532","62,828","58,477","45,822","60,217","65,619","67,711","51,701","39,069","54,775","47,698","63,084","63,029","43,634","45,231","47,808","56,249","57,375","57,061","58,627","37,360","38,687","59,190","71,310","73,013","66,052","55,826","48,732","47,429","56,645","68,659","53,386","45,190","52,864","61,702","72,825","80,851","55,700","48,804","43,129","58,334","44,539","30,157","39,219","28,966","53,062","45,863","75,303","58,679","53,301","44,064","35,155","55,147","50,571","61,835","48,019","34,995","29,467","39,656","64,595","67,188","57,597","52,124","43,860","54,444","56,758","64,735","55,342","44,617","41,519","50,104","68,826","64,179","61,668","49,131","37,302","55,792","52,687","60,426","55,174","50,428","41,345","66,977","29,314","64,851","55,823","29,570","6,140,214"
025,Charles Hall,Residential,"19,381","25,659","25,089","26,168","24,021","5,732","18,289","19,108","29,754","33,848","31,119","23,749","19,992","26,205","27,324","28,365","11,202","18,378","20,186","22,247","31,016","31,733","27,283","24,591","20,633","23,892","26,451","29,382","25,151","13,703","16,853","18,477","20,353","31,719","18,337","23,319","6,985","12,662","12,813","12,267","11,062","7,186","9,871","11,513","13,788","14,645","14,249","13,819","12,751","10,799","12,836","14,758","10,851","6,159","12,891","14,014","16,883","19,514","14,433","12,287","10,960","14,798","11,502","7,677","9,957","7,261","11,789","11,270","18,364","15,331","14,290","11,642","9,380","15,075","13,294","16,061","11,581","8,189","9,544","11,547","17,760","19,081","12,212","12,246","10,567","14,430","14,171","15,914","11,588","6,053","6,497","3,938","4,354","6,370","14,515","13,614","9,230","11,441","11,311","10,660","14,850","18,873","16,498","25,025","28,048","27,352","26,509","22,472","1,782,837"
026,South Campus Dining Hall,Office,"2,651,652","3,148,682","2,754,759","2,138,252","1,904,644","1,581,459","1,695,502","1,683,859","2,107,584","2,314,114","2,773,134","3,098,832","3,512,360","4,188,693","3,134,851","3,136,051","2,152,660","2,259,239","2,601,635","2,856,262","3,202,092","3,559,411","4,084,942","4,157,687","4,105,739","4,106,544","4,458,384","3,480,564","2,656,157","1,936,093","2,577,026","2,827,805","3,081,204","3,455,525","3,723,561","3,340,593","3,744,815","4,428,511","4,241,892","3,394,097","2,630,086","2,078,082","2,011,431","2,972,231","3,487,772","3,605,635","4,374,390","3,151,449","2,994,527","2,682,481","2,746,314","3,105,725","2,917,751","2,427,811","2,960,622","3,196,247","3,456,135","3,494,206","3,600,848","4,429,206","4,047,744","4,418,550","3,528,103","3,054,739","3,184,268","2,512,112","2,826,470","3,136,464","3,857,852","3,132,668","3,430,061","4,266,158","3,618,866","3,809,665","3,768,491","3,471,976","2,192,060","2,725,460","3,084,495","3,379,925","3,879,894","3,502,348","3,168,789","3,222,788","3,494,131","3,602,445","3,064,889","2,266,433","1,365,546","1,001,600","1,041,840","1,189,226","1,795,910","1,773,064","2,454,108","3,418,117","2,641,309","3,020,745","3,142,116","2,716,933","2,482,992","2,476,857","2,267,876","3,143,590","2,766,430","2,711,898","3,158,784","2,377,338","325,173,940"
028,Howard Hall,Residential,"31,381","30,501","30,030","23,124","17,944","17,944","25,113","26,857","30,655","34,166","35,555","35,592","31,610","31,010","30,402","29,361","30,764","26,584","26,584","28,092","35,193","39,066","38,349","39,775","37,018","33,937","37,878","35,827","14,822","21,565","19,603","20,391","24,025","27,127","20,285","27,171","33,337","21,694","21,807","33,176","23,963","22,053","27,563","22,913","22,994","26,601","27,352","23,680","23,680","23,680","23,680","22,698","19,746","16,156","17,477","22,073","21,050","25,270","22,179","22,520","19,552","20,210","17,180","14,007","16,034","11,697","15,512","15,259","21,121","16,699","17,586","17,282","14,949","16,726","16,126","17,477","13,997","12,618","11,779","14,078","18,071","19,671","18,518","19,036","17,392","17,586","18,736","18,361","15,979","16,679","13,727","15,433","17,805","17,999","16,539","17,699","13,478","14,819","15,024","16,078","15,385","12,956","10,745","15,996","15,075","17,494","17,627","14,290","2,390,731"
029,Frederick Hall,Residential,"14,740","23,612","21,623","24,103","26,069","18,699","17,334","15,696","27,297","24,021","21,565","18,699","17,334","20,473","19,244","22,793","16,378","9,281","16,378","24,158","26,888","41,696","41,696","25,113","18,016","24,704","27,980","27,570","23,817","16,924","20,063","23,066","25,659","25,932","24,294","18,944","18,903","26,335","26,372","27,529","25,390","15,474","19,002","22,360","26,021","27,399","24,486","20,330","19,217","19,640","24,213","27,676","23,520","16,491","22,797","25,591","30,750","33,842","23,168","20,961","19,726","26,860","19,927","12,567","16,255","13,901","23,267","21,247","28,897","21,926","20,312","18,927","14,300","19,811","20,442","24,905","20,302","13,147","15,071","17,518","30,402","29,791","22,694","22,674","20,251","23,394","23,854","28,089","24,567","20,364","18,958","21,797","30,900","26,826","22,892","19,838","13,867","19,391","21,108","25,011","24,779","22,165","20,237","27,253","28,659","29,764","27,942","18,978","2,435,085"
030,Talbot Hall,Other,"10,530","14,133","13,901","15,911","14,897","8,421","8,827","12,775","15,593","14,505","12,587","10,711","10,874","13,471","13,771","15,030","11,809","9,923","10,202","10,625","13,904","13,171","12,321","12,792","11,758","12,973","14,334","14,174","11,175","13,393","10,919","15,338","13,512","13,512","12,952","9,772","10,806","11,243","11,571","12,267","11,874","9,073","9,530","11,622","13,553","14,795","14,512","11,086","10,103","9,134","10,946","14,218","12,219","9,059","11,540","14,109","16,450","19,241","14,140","12,294","11,734","15,583","13,959","8,251","11,639","10,346","8,510","10,984","17,013","17,436","12,724","10,537","8,442","11,376","21,398","14,072","10,195","10,052","11,451","13,403","18,159","17,573","12,935","11,953","10,144","12,212","12,915","14,399","11,591","8,749","9,032","12,093","18,002","16,245","12,376","9,145","6,787","10,192","10,155","13,314","13,116","9,998","8,496","15,706","15,000","18,272","13,270","7,237","1,348,055"
031,Garrett Hall,Residential,"24,486","30,832","28,723","25,949","27,621","20,763","19,490","21,814","31,938","31,699","26,540","23,534","22,319","26,836","26,134","27,826","24,120","19,217","23,479","23,813","28,437","26,594","24,137","25,038","22,070","24,636","27,717","28,106","22,657","21,275","26,615","25,322","28,526","29,208","27,734","16,515","19,620","28,222","30,204","29,119","29,860","21,271","20,804","27,553","30,856","32,374","26,980","22,319","22,230","17,474","21,271","25,458","25,854","18,095","24,410","28,321","33,159","35,305","25,830","22,831","21,578","25,751","21,862","14,604","18,736","16,331","23,172","25,700","32,504","25,349","20,558","19,698","16,621","21,350","21,398","23,858","22,414","24,434","23,312","25,683","30,880","28,348","22,360","22,442","23,237","24,168","24,970","28,188","25,147","21,991","22,544","24,902","30,890","25,530","20,838","20,343","15,426","20,732","22,056","27,645","25,325","27,181","21,558","33,128","28,996","31,559","27,154","18,995","2,672,584"
032,Montgomery Hall,Residential,"62,237","93,356","89,030","90,804","83,529","63,875","66,042","76,435","97,260","92,254","86,491","77,357","66,506","86,986","83,147","87,358","66,250","66,250","66,250","66,250","66,250","88,173","79,974","77,357","69,870","76,978","82,710","78,616","57,733","69,608","72,883","72,883","85,454","88,156","75,668","45,245","14,952","25,908","26,117","26,642","25,168","20,149","23,342","28,512","31,764","31,279","28,870","24,994","22,834","21,660","25,874","29,761","24,127","16,324","27,672","28,055","34,442","36,841","25,438","21,186","18,572","24,499","20,220","14,911","18,265","15,157","19,787","26,164","32,668","23,970","21,650","20,292","15,866","22,619","20,920","23,865","18,989","19,545","18,832","24,834","35,609","33,971","27,352","24,045","20,486","24,915","25,141","29,205","25,096","22,899","21,913","24,663","33,821","30,798","26,256","23,680","16,368","23,749","25,011","28,771","26,881","20,159","17,255","31,835","27,314","30,737","27,717","20,507","4,524,916"
051,Worcester Hall,Residential,"319,396","356,048","278,222","42,721","50,060","30,782","32,368","35,025","47,838","108,831","254,699","286,394","324,314","331,852","289,884","107,219","50,060","30,782","32,368","35,025","47,838","108,831","254,699","286,394","324,314","331,852","289,884","107,219","65,026","40,434","42,998","44,493","54,026","77,350","172,550","208,250","208,250","208,250","148,750","89,250","57,860","33,998","35,912",0,"33,320","104,720","354,620","130,359","85,008","197,943","160,975","89,250","57,648","35,072","37,092","26,506","45,062","96,967","260,623","208,334","205,857","246,015","199,870","95,239","40,962","24,810",4,"14,831","29,116","60,690","175,724","112,869","97,753","135,398","129,949","90,658","4,185",140,55,"1,014","1,420","26,641","205,294","202,935","345,551","257,032","200,532","162,271","13,339",249,857,155,"2,905","86,124","190,220","294,471","215,818","214,718","198,454","122,527","80,652","41,717","7,466","30,579","109,465","174,292","182,522","232,739","13,471,898"
060,Anne Arundel Hall,Residential,0,0,0,0,0,0,0,0,0,0,0,0,0,0,0,0,0,0,0,0,0,0,0,0,0,0,0,0,0,0,0,0,0,0,0,0,0,0,0,0,0,0,0,0,0,0,0,0,0,0,0,0,0,0,0,0,0,0,0,0,0,0,0,0,0,0,0,0,0,0,0,0,0,0,0,0,0,0,0,0,0,0,0,0,0,0,0,0,0,0,0,0,0,0,0,0,0,0,0,0,0,0,0,0,0,0,0,0,0
061,Queen Annes Hall,Residential,0,0,0,0,0,0,0,0,0,0,0,0,0,0,0,0,0,0,0,0,0,0,0,0,0,0,0,0,0,0,0,0,0,0,0,0,0,0,0,0,0,0,0,0,0,0,0,0,0,0,0,0,0,0,0,0,0,0,0,0,0,0,0,0,0,0,0,0,0,0,0,0,0,0,0,0,0,0,0,0,0,0,0,0,0,0,0,0,0,0,0,0,0,0,0,0,0,0,0,0,0,0,0,0,0,0,0,0,0
062,St Marys Hall,Residential,"35,070","50,083","45,596","42,710","42,966","30,778","34,268","33,651","50,858","48,022","38,083","39,182","34,422","45,569","41,669","44,150","39,158","36,104","38,506","40,601","52,045","48,981","44,651","43,430","35,510","41,713","45,839","42,805","30,027","32,122","30,040","36,745","42,826","42,430","38,915","39,154","53,110","36,797","37,998","39,526","38,503","32,190","34,640","37,987","41,099","45,040","39,550","36,042","38,793","35,524","41,069","41,301","41,516","28,911","31,975","34,916","44,447","45,648","34,630","29,819","26,939","36,667","24,445","23,131","30,150","25,165","35,674","33,845","36,285","44,126","33,347","30,986","31,927","42,863","38,018","40,707","35,797","40,987","45,832","43,812","46,310","47,401","33,760","45,242","27,601","28,590","31,559","34,057","30,262","32,422","41,065","46,743","31,064","34,940","19,835","15,931","8,524","25,287","19,736","23,981","41,516","28,911","31,975","30,402","32,415","42,154","23,244","18,965","3,954,300"
063,Somerset Hall,Residential,"245,275","345,142","322,799","338,682","322,199","258,091","296,381","261,785","375,383","363,792","302,959","282,353","217,853","310,770","301,277","344,910","280,498","230,082","250,712","293,801","369,752","354,623","282,883","295,031","257,942","273,937","317,230","291,771","317,858","190,101","244,498","350,905","311,404","316,828","289,074","290,750","335,330","263,701","283,371","306,163","296,265","237,225","286,360","246,294","312,124","304,261","225,208","170,548","157,268","292,315","286,394","364,122","183,659","155,302","175,196","235,646","289,989","316,753","212,454","163,274","190,766","197,375","131,600","252,376","265,850","193,651","235,244","188,307","202,736","172,422","110,385","149,266","134,835","162,234","153,936","147,292","148,784","142,277","159,388","193,589","298,778","259,968","239,889","182,174","90,700","214,500","286,688","251,925","199,384","162,398","232,149","269,889","314,013","305,064","290,715","262,384","218,036","280,655","307,932","321,547","257,559","212,859","272,267","309,723","412,878","322,778","252,508","255,912","27,616,138"
064,Dorchester Hall,Residential,"57,518","93,598","76,807","70,662","65,121","46,101","56,195","57,205","80,970","78,722","75,152","68,209","73,184","89,494","73,020","69,969","58,511","49,875","56,150","61,245","79,298","74,941","69,140","69,713","57,812","66,421","73,068","71,286","67,113","48,592","55,498","61,613","78,101","74,927","61,190","91,623","91,623","91,623","54,560","12,523","9,827","15,628","31,392","43,402","60,122","57,392","53,468","44,337","43,870","48,981","54,140","54,468","46,760","32,364","27,222","44,054","59,429","63,845","54,963","44,638","50,534","59,416","37,871","29,993","24,349","22,353","21,831","34,043","48,053","50,663","44,310","37,291","37,342","49,650","45,573","51,012","39,093","35,432","44,221","44,146","59,146","60,269","53,680","45,910","42,850","54,642","53,769","59,982","39,519","34,125","33,947","54,935","54,935","68,611","60,989","58,532","34,111","63,995","61,889","71,147","50,817","32,999","47,204","52,223","67,431","74,709","55,365","67,417","5,921,001"
065,Carroll Hall,Residential,"424,993","426,428","321,960","121,933","71,335","40,634","33,735","38,137","78,787","169,402","268,049","320,574","434,135","388,650","270,504","236,811","97,963","29,777","35,563","32,877","86,077","126,152","321,701","445,251","419,321","347,421","812,366","159,777","80,556","36,234","42,403","65,766","128,267","130,885","332,047","384,134","360,749","400,029","448,934","270,559","104,668","94,219","75,698","102,702","183,055","209,400","397,898","463,233","445,804","358,345","451,218","198,513","119,573","80,907","75,175","98,128","162,646","142,003","220,927","322,240","311,900","367,020","414,371","611,239","92,680","73,604","73,500","74,582","74,291","129,496","244,510","512,597","468,666","424,227","257,217","87,949","43,622","65,110","73,999","80,912","112,737","116,510","395,799","387,077","406,824","354,641","281,693","155,724","76,334","66,174","74,139","80,951","127,336","302,094","293,495","299,174","156,065","410,189","359,956","135,068","75,534","61,016","59,238","99,848","105,665","118,849","437,265","371,929","23,950,045"
069,Wicomico Hall,Residential,"547,236","501,941","462,750","87,670","67,241","49,901","43,592","33,658","58,883","202,884","296,853","268,420","500,707","444,513","465,528","196,626","93,473","45,053","33,630","31,949","60,598","165,187","371,186","633,807","561,508","426,461","490,570","229,419","151,413","115,276","66,193","37,943","47,067","119,124","459,196","449,123","407,389","332,782","469,977","230,734","63,604","824,684","932,142","35,645","48,626","169,254","465,830","411,091","412,043","423,544","454,754","111,232","61,246","46,609","30,285","32,219","40,066","86,879","334,041","489,932","360,372","376,258","224,895","215,777","23,232","21,053","29,998","30,415","28,215","91,386","170,557","541,354","503,649","411,863","198,879","69,076","25,475","22,525","23,105","35,930","64,224","94,358","256,377","521,365","436,680","191,046","279,399","121,591","33,198","22,963","24,169","36,849","67,956","101,521","197,284","207,529","424,327","367,599","356,009","98,383","38,776","24,060","23,571","53,147","57,924","110,478","278,575","398,723","24,023,280"
070,Caroline Hall,Residential,"410,345","440,928","380,000","167,045","115,939","107,490","123,317","134,622","78,692","219,945","380,807","260,046","355,849","390,871","268,928","233,199","108,666","101,759","111,002","85,415","63,334","153,937","299,870","514,053","351,275","400,113","406,266","167,483","115,937","132,959","153,576","164,036","87,196","196,471","385,710","360,862","457,844","464,539","388,599","267,544","57,505","33,435","38,249","88,232","117,169","169,077","287,468","455,424","498,767","335,443","362,529","146,646","100,864","66,896","63,323","49,432","98,228","102,121","340,191","467,276","390,271","400,880","249,666","151,488","52,157","36,166","67,526","40,940","42,115","74,865","79,221","379,547","481,486","452,992","248,095","61,702","16,515","23,753","23,104","30,933","56,299","136,562","336,726","272,324","481,314","365,002","234,449","111,658","34,332","31,570","34,953","42,552","64,475","95,642","248,479","512,560","451,490","380,882","407,929","104,982","29,797","23,588","26,676","56,243","53,595","64,748","453,511","321,407","22,621,912"
096,Cambridge Hall,Residential,"455,342","638,706","555,325","294,650","130,121","45,570","43,697","74,063","72,533","154,142","268,366","372,587","428,763","359,306","291,351","163,719","44,934","42,116","54,758","168,569","152,301","21,029","26,199","88,189","255,234","48,858","177,171","227,238","264,515","355,070","311,223","1,012,435","294,436","272,161","240,929","291,733","294,274","286,486","128,071","185,243","301,864","288,344","345,840","425,338","445,272","291,477","243,613","219,623","239,938","435,859","247,088","227,678","318,784","306,912","421,409","445,885","409,114","272,906","263,742","345,728","301,844","321,992","113,824","100,274","140,524","124,107","118,567","98,239","345,564","161,618","130,193","95,057","73,572","101,019","90,494","102,481","85,458","98,689","99,541","120,113","165,811","187,225","140,554","165,988","237,630","166,710","171,895","591,607","746,048","281,785","413,180","536,471","452,269","282,623","156,203","224,159","141,089","197,218","186,774","258,394","249,945","332,042","350,418","454,771","366,256","260,693","198,995","202,083","27,029,837"
097,Cambridge Community Center,Classroom,"195,712","193,851","212,461","149,241","116,565","125,548","129,585","127,617","113,533","128,375","141,848","153,970","210,618","153,748","131,833","120,200","118,852","97,471","104,460","127,970","142,533","213,147","239,663","239,588","239,675","192,873","245,586","208,313",213,"248,503","215,566","218,100","155,577","221,900","251,889","314,496","348,958","243,917","270,279","199,491","187,067","158,756","172,955","188,269","171,084","176,567","218,845","309,618","385,189","275,704","191,070","171,245","107,810","116,532","166,674","129,819","72,325","182,070","225,047","348,117","280,090","255,950","208,250","178,500","113,202","118,827","166,700","192,360","142,800","178,503","214,294","309,503","345,163","274,577","226,200","214,300","107,209","113,141","109,367","227,717","301,448","423,065","298,973","348,086","462,973","338,501","419,427","484,808","186,999","180,469","462,655","226,452","153,055","253,337","277,692","392,992","326,198","314,367","351,482","264,683","298,809","257,817","193,776","288,255","241,055","294,066","440,227","620,518","24,297,327"
098,Centreville Hall,Residential,"619,990","813,960","497,420","211,820","34,510","3,570","483,114","475,574","482,196","224,936","312,170","385,560","531,930","585,480","335,580","227,290","142,870","356,028","543,504","560,786","565,538","203,850","367,710","602,140","492,660","416,500","464,100","183,166","256,528","466,682","542,188","431,050","479,816","376,752","231,214","412,930","453,390","346,290","406,980","218,960","335,840","347,950","443,446","498,616","481,968","292,316","352,240","431,970","492,660","492,898","358,190","214,700","446,770","477,350","595,160","650,380","702,720","392,660","333,200","467,670","336,770","87,441","114,370","123,970","511,040","351,590",0,"556,800","493,200","225,370","148,300","408,190","423,640","412,930","205,940","172,190","274,630","484,730","152,370","562,710","789,365","437,490","307,020","324,870","604,520","465,290","289,170","268,750","316,430","505,090","621,560","740,340","335,770","139,370","284,770","480,760","364,140","397,350","349,860","304,500","259,740","431,990","494,370","677,920","489,360","243,980","301,160","396,332","42,222,884"
099,Bel Air Hall,Residential,"968,027","1,293,964","929,035","902,076","683,015","672,365","924,251","771,372","899,663","916,076","857,628","942,758","838,073","995,867","875,701","769,115","627,022","599,059","769,945","968,505","951,459","842,515","867,362","1,117,725","951,378","939,997","1,072,346","941,356","810,754","962,228","906,900","851,374","722,420","934,525","990,848","883,437","928,456","578,307","672,132","545,459","431,208","377,495","443,888","883,589","891,913","883,348","745,216","795,689","865,647","753,086","755,366","567,235","518,077","779,706","946,755","1,139,718","1,112,627","993,695","809,956","879,562","647,718","827,886","693,045","617,098","660,059","722,497","779,748","1,010,473","1,108,257","913,377","678,251","841,129","782,605","839,118","708,168","855,928","534,913","817,845","853,386","1,043,172","1,157,610","1,114,721","676,664","721,583","830,399","827,509","782,623","874,227","763,749","849,955","947,255","1,205,080","926,328","908,896","800,890","1,001,749","741,686","860,485","807,689","815,446","799,851","728,404","683,191","1,138,340","907,083","1,042,700","901,055","794,737","90,792,849"
121,Chestertown Hall,Residential,"354,144","401,387","249,067","60,809","5,950",119,476,476,"1,666","80,563","151,249","185,402","193,494","197,778","102,816","53,074","2,975","3,808","3,094","3,570","1,666","80,325","228,599","423,045","415,548","126,735","144,942","16,898","6,545","1,348","119,652",595,714,"10,353","162,554","222,292","261,562","144,109","167,314","85,799",119,"1,759","16,249","1,547","1,348","56,644","168,385","185,402","248,472","155,890","172,312","52,122","15,708",0,"1,428","135,032","102,040","198,078","288,613","143,357","431,970","290,836","247,282","212,058","129,472","48,671",0,"5,831",476,"58,548","104,482","204,442","223,958","299,999","211,939","46,053","4,046",119,357,357,0,"32,963","193,137","193,613","398,888","284,053","193,494","79,264","1,666",119,952,119,833,"102,459","183,974","311,661","219,555","227,052","27,013","34,986","3,094",119,0,0,119,"21,777","252,637","255,017","12,156,477"
122,Cumberland Hall,Residential,"1,375,979","1,467,326","1,107,502","723,813","507,549","444,095","430,072","540,303","598,796","721,638","970,611","963,962","1,100,550","1,050,780","872,109","637,912","213,789","269,041","443,845","437,818","514,978","818,873","887,482","948,198","980,038","890,156","950,349","913,076","290,795","193,791","434,433","347,991","144,258","778,162","530,443","741,739","973,151","851,916","596,378","725,443","367,973","580,812","468,250","452,177","470,114","561,374","814,012","997,957","1,001,081","829,373","1,088,070","528,097","404,460","306,947","467,317","410,099","514,176","571,423","801,167","720,375","604,339","981,035","674,193","450,685","122,563","114,384","214,518","304,993","409,623","369,675","557,508","1,074,098","1,122,667","1,048,863","961,465","422,345","197,041","253,848","449,160","517,822","516,233","480,671","663,005","753,727","818,577","965,458","640,361","701,600","313,494","351,652","395,817","462,399","498,330","605,133","616,248","784,301","453,650","763,809","871,387","723,601","466,296","196,205","176,040","340,138","320,516","379,084","1,199,398","796,739","67,849,087"
238,Leonardtown 238,Residential,"159,961","164,056","103,729","61,692","48,862","39,963","56,396","48,944","48,507","53,229","66,878","82,437","106,459","116,559","64,012","57,733","29,754","29,208","46,405","52,410","38,762","43,129","70,427","162,691","145,221","101,545","107,551","46,678","36,851","32,047","37,015","39,035","35,623","38,243","84,184","133,756","128,979","114,812","94,312","62,620","150,632","148,220","164,677","193,772","155,850","191,128","385,432","410,412","615,086","385,596","397,340","180,205","162,998","141,621","45,777","46,924","38,898","46,214","74,460","96,035","97,393","97,127","41,775","33,494","16,501","20,841","44,201","27,638","16,566","32,183","48,374","97,557","107,827","102,647","74,067","58,170","18,972","5,534","3,961","3,876","3,269","2,395","1,679","132,142","150,373","120,930","115,071","48,029",659,768,819,914,775,689,659,659,679,621,744,686,798,0,0,0,0,0,0,0,"8,554,014"
239,Leonardtown 239,Residential,"138,942","187,804","117,378","69,335","46,678","42,856","49,681","38,025","56,314","63,548","81,509","89,808","120,653","138,069","77,851","72,883","37,943","27,843","57,324","66,332","45,859","54,594","87,351","150,680","133,483","108,643","120,380","48,043","45,040","49,326","60,927","52,165","45,859","49,135","103,975","161,353","152,072","130,944","114,976","73,948","182,672","159,681","204,585","251,993","210,853","247,158","439,736","421,894","637,961","434,308","465,658","222,188","206,882","187,378","58,634","111,219","53,994","53,994","85,181","113,921","120,834","102,852","62,063","27,867","18,958","26,454","48,988","31,852","20,070","36,339","57,607","163,476","136,015","121,656","82,577","61,456","17,542","5,569","4,562","4,555","3,917","3,323","2,225","131,470","159,422","136,387","136,823","57,757",655,676,621,706,648,652,648,693,696,631,703,590,604,0,0,0,0,0,0,0,"9,910,565"
240,Leonardtown 240,Residential,"105,913","170,744","102,228","60,327","43,129","49,135","59,235","41,792","45,450","53,612","67,970","93,629","111,509","115,603","65,295","63,275","31,119","10,646","42,038","46,951","34,667","46,405","72,337","131,299","121,745","95,540","108,643","46,132","39,854","41,219","45,586","38,489","30,573","38,216","91,445","156,085","144,893","112,137","98,406","62,074","71,300","71,413","87,900","97,669","79,042","80,366","220,789","248,145","286,866","185,388","206,970","87,184","75,924","71,071","46,624","47,275","39,581","50,356","75,313","90,043","90,500","92,588","57,931","30,334","24,035","27,410","54,195","38,701","21,520","32,514","51,469","104,947","118,077","105,241","76,091","51,370","11,775","3,924","3,815","3,924","2,743","2,846","5,040","139,021","159,593","130,651","121,482","50,322",444,440,416,413,358,345,372,399,399,351,420,314,348,0,0,0,0,0,0,0,"6,771,641"
241,Leonardtown 241,Residential,"75,613","95,813","59,972","32,293","28,116","26,287","24,687","27,297","27,297","31,938","45,723","63,466","92,128","95,813","65,295","32,293","28,116","24,758","24,687","27,297","27,297","31,938","45,723","63,466","92,128","92,128","65,295","34,630","26,140","25,468","21,155","27,297","27,297","37,534","73,361","102,705","102,705","102,705","75,067","88,716","88,716","88,716","53,059","59,371","32,511","65,090","113,252","100,068","95,653","300,064","104,538","88,716","88,716","87,849","21,920","27,359","26,751","25,751","38,574","55,191","50,831","51,762","29,921","18,634","12,069","14,713","3,105","18,699","11,963","17,126","22,404","90,231","91,241","82,492","64,599","40,403","5,760","3,613","2,948","3,050","3,559","5,490","8,947","78,333","94,632","77,435","42,993","29,491",119,96,92,116,113,123,136,150,150,126,150,85,106,0,0,0,0,0,0,0,"4,631,511"
242,Leonardtown 242,Residential,"266,693","162,582","98,925","60,054","45,313","43,402","54,867","45,559","55,031","57,733","68,516","123,438","141,618","118,169","68,489","69,389","40,127","20,746","51,319","48,589","37,124","43,948","66,878","139,215","111,372","94,994","107,824","77,933","19,381","44,494","35,050","31,010","36,141","39,472","90,954","129,934","138,915","115,685","97,997","63,384","81,001","72,952","114,252","128,341","82,622","114,061","193,448","209,877","302,790","194,949","208,714","97,034","94,008","83,949","59,726","60,084","50,418","56,949","80,574","105,988","101,180","109,366","66,745","50,148","33,524","27,072","52,144","37,633","20,848","26,970","34,981","107,841","116,525","107,793","74,484","60,463","10,537","11,096","4,149","4,364","4,064","11,946","13,826","150,752","168,863","120,162","113,559","45,320",249,215,208,246,232,259,324,317,252,239,300,181,369,0,0,0,0,0,0,0,"7,243,748"
243,Leonardtown 243,Residential,"70,700","86,232","57,078","34,667","29,208","26,205","31,747","24,758","23,749","26,478","36,578","48,562","66,905","60,272","37,725","32,757","25,932","27,843","61,964","17,061","33,439","3,276","38,762","61,419","52,138","43,129","138,396","35,121","21,019","21,155","21,264","17,061","17,716","20,227","42,474","69,171","73,375","65,513","58,307","31,555","50,500","40,362","48,951","59,051","41,788","59,371","115,955","119,735","163,588","97,458","106,240","47,797","53,233","52,909","34,640","35,667","26,086","34,374","47,221","61,760","65,322","53,625","38,595","40,482","38,011","30,344","41,464","25,400","13,846","15,686","22,602","48,732","68,065","62,002","49,169","43,280","32,374","18,507","12,345","16,716","15,440","16,757","36,274","92,711","106,141","79,288","75,596","30,061",386,396,375,416,362,331,334,502,334,280,348,205,235,0,0,0,0,0,0,0,"4,180,965"
244,Leonardtown 244,Residential,0,0,0,0,0,0,0,0,0,0,0,0,0,0,0,0,0,0,0,0,0,0,0,0,0,0,0,0,0,0,0,0,0,0,0,0,0,0,0,0,0,0,0,0,0,0,0,0,0,0,0,0,0,0,0,0,0,0,0,0,0,0,0,0,0,0,0,0,0,0,0,0,0,0,0,0,0,0,0,0,0,0,0,0,0,0,0,0,0,0,0,0,0,0,0,0,0,0,0,0,0,0,0,0,0,0,0,0,0
245,Leonardtown 245,Residential,0,0,0,0,0,0,0,0,0,0,0,0,0,0,0,0,0,0,0,0,0,0,0,0,0,0,0,0,0,0,0,0,0,0,0,0,0,0,0,0,0,0,0,0,0,0,0,0,0,0,0,0,0,0,0,0,0,0,0,0,0,0,0,0,0,0,0,0,0,0,0,0,0,0,0,0,0,0,0,0,0,0,0,0,0,0,0,0,0,0,0,0,0,0,0,0,0,0,0,0,0,0,0,0,0,0,0,0,0
246,Leonardtown 246,Residential,0,0,0,0,0,0,0,0,0,0,0,0,0,0,0,0,0,0,0,0,0,0,0,0,0,0,0,0,0,0,0,0,0,0,0,0,0,0,0,0,0,0,0,0,0,0,0,0,0,0,0,0,0,0,0,0,0,0,0,0,0,0,0,0,0,0,0,0,0,0,0,0,0,0,0,0,0,0,0,0,0,0,0,0,0,0,0,0,0,0,0,0,0,0,0,0,0,0,0,0,0,0,0,0,0,0,0,0,0
247,Leonardtown 247,Residential,0,0,0,0,0,0,0,0,0,0,0,0,0,0,0,0,0,0,0,0,0,0,0,0,0,0,0,0,0,0,0,0,0,0,0,0,0,0,0,0,0,0,0,0,0,0,0,0,0,0,0,0,0,0,0,0,0,0,0,0,0,0,0,0,0,0,0,0,0,0,0,0,0,0,0,0,0,0,0,0,0,0,0,0,0,0,0,0,0,0,0,0,0,0,0,0,0,0,0,0,0,0,0,0,0,0,0,0,0
248,Leonardtown 248,Residential,0,0,0,0,0,0,0,0,0,0,0,0,0,0,0,0,0,0,0,0,0,0,0,0,0,0,0,0,0,0,0,0,0,0,0,0,0,0,0,0,0,0,0,0,0,0,0,0,0,0,0,0,0,0,0,0,0,0,0,0,0,0,0,0,0,0,0,0,0,0,0,0,0,0,0,0,0,0,0,0,0,0,0,0,0,0,0,0,0,0,0,0,0,0,0,0,0,0,0,0,0,0,0,0,0,0,0,0,0
249,Leonardtown 249,Residential,0,0,0,0,0,0,0,0,0,0,0,0,0,0,0,0,0,0,0,0,0,0,0,0,0,0,0,0,0,0,0,0,0,0,0,0,0,0,0,0,0,0,0,0,0,0,0,0,0,0,0,0,0,0,0,0,0,0,0,0,0,0,0,0,0,0,0,0,0,0,0,0,0,0,0,0,0,0,0,0,0,0,0,0,0,0,0,0,0,0,0,0,0,0,0,0,0,0,0,0,0,0,0,0,0,0,0,0,0
250,Leonardtown Community Center,Office,"608,231","711,060","575,410","445,737","445,371","373,688","427,773","465,272","567,218","483,005","448,069","425,634","576,449","663,168","537,290","463,760","322,271","401,539","468,265","449,451","504,067","450,871","580,796","559,573","696,588","383,207","593,573","429,815","262,786","412,409","355,813","292,910","486,027","299,589","462,139","568,033","965,683","737,903","601,868","515,272","541,934","464,736","495,310","588,797","546,344","613,263","706,075","667,941","635,605","556,340","678,159","622,861","661,364","577,342","720,933","721,429","731,646","670,815","593,627","653,696","656,572","661,172","564,821","393,085","433,858","453,432","529,795","474,635","442,445","481,864","455,832","342,376","532,491","523,646","468,264","402,228","377,603","416,530","431,469","681,535","695,259","799,519","909,966","1,023,382","1,159,426","690,191","594,279","510,324","545,052","593,210","558,071","470,807","474,889","447,124","594,747","923,227","900,216","911,305","1,040,347","511,551","573,208","557,913","617,840","590,242","682,431","668,573","707,818","825,570","61,765,940"
251,Denton Area Dining Hall,Other,"1,807,271","2,111,052","1,618,784","1,309,197","814,692","667,308","731,702","764,800","905,069","1,194,866","1,092,988","1,175,505","1,402,820","1,601,628","1,303,851","1,176,132","996,016","1,481,988","1,661,320","1,893,524","1,790,156","1,637,198","1,210,817","1,779,003","1,421,977","1,571,306","1,641,173","1,423,606","1,237,037","648,913","745,774","1,198,634","1,151,461","1,122,286","2,087,907","1,686,078","1,258,654","1,592,985","1,809,003","1,348,798","933,223","867,691","813,497","1,207,559","1,561,103","1,652,429","854,189","1,445,493","1,318,201","1,596,743","1,426,570","1,284,825","971,859","457,085","624,536","1,010,985","1,307,720","1,311,465","996,001","1,313,480","1,072,662","1,417,652","511,385","302,156","290,069","365,102","570,668","933,491","1,267,786","1,006,284","1,023,300","323,042","993,294","2,753,480","1,086,953","1,096,308","518,065","403,240","627,255","1,173,673","1,489,655","1,366,237","1,373,113","1,318,313","1,324,014","1,788,190","1,417,653","1,449,932","1,056,042","828,622","1,043,874","1,390,543","1,448,180","1,479,864","1,430,366","1,704,275","1,308,697","1,596,423","1,657,335","1,926,863","1,578,403","1,186,353","1,162,159","1,536,592","1,688,296","1,612,579","1,797,327","1,662,382","135,386,081"
252,Denton Hall,Residential,"936,338","1,286,446","825,684","609,966","359,968","209,552","195,488","205,404","295,951","557,991","590,159","665,300","832,080","911,677","674,530","647,062","510,482","1,110,275","667,932","1,063,915","1,185,064","616,762","671,379","965,370","901,299","859,313","874,188","716,876","698,967","671,070","682,981","606,565","670,957","785,809","662,454","910,425","757,722","869,318","756,750","655,771","609,813","466,576","622,869","822,545","958,878","745,895","710,833","742,528","694,129","874,261","581,508","638,499","713,623","609,428","909,397","978,565","1,063,221","815,199","643,069","792,713","703,839","843,538","475,927","450,618","402,142","566,597","275,975","939,607","769,437","659,785","538,788","729,942","790,621","849,264","526,795","603,099","437,561","480,798","778,662","837,608","1,038,214","827,559","710,684","667,419","960,540","901,120","710,236","727,152","775,170","803,200","1,090,541","1,469,809","414,681","553,300","591,205","860,737","625,435","722,963","766,584","737,373","355,879","752,845","848,586","1,009,390","937,140","717,481","734,108","907,582","78,546,321"
253,Easton Hall,Residential,"796,267","1,221,197","802,253","481,988","201,688","87,648","81,634","95,424","272,852","773,732","1,032,825","894,700","786,856","916,892","561,449","459,076","280,447","87,800","87,039","98,560","180,076","771,855","311,469","673,312","633,122","634,253","759,977","338,350","212,407","103,758","72,115","88,626","72,421","296,035","411,947","758,700","1,603,912","1,168,022","763,314","496,009","224,682","87,351","93,628","113,997","230,332","513,401","776,666","850,310","764,018","1,010,244","722,558","429,784","516,090","475,452","577,738","636,162","482,989","812,640","1,062,707","1,033,948","634,911","751,167","278,559","278,562","105,538","58,836","77,595","139,609","173,836","253,907","347,132","545,813","568,893","649,898","313,191","251,581","166,503","66,143","65,348","117,918","165,964","211,898","604,072","500,503","803,790","762,233","534,059","389,659","154,096","73,902","83,949","138,061","171,810","319,452","500,307","829,555","564,724","646,655","632,104","308,866","137,097","64,943","53,511","134,048","181,732","324,312","539,724","656,992","48,117,661"
254,Elkton Hall,Residential,"838,166","1,037,397","747,110","572,081","289,941","202,431","192,164","186,716","351,075","659,300","644,012","785,563","873,297","990,521","794,177","734,354","585,835","545,417","613,524","741,400","839,068","659,903","648,654","2,155,916","683,435","850,065","823,910","675,239","594,698","560,494","857,874","643,304","563,132","852,977","758,182","982,981","945,386","914,120","880,578","698,587","654,947","532,674","586,730","760,747","962,512","764,191","683,900","782,110","878,059","826,132","704,509","763,112","821,857","493,784","732,239","1,343,590","1,121,536","910,775","677,769","734,518","577,165","790,521","546,260","437,270","489,532","892,950","547,874","874,201","470,475","803,149","583,881","777,845","801,510","828,551","592,975","602,936","546,207","583,981","572,316","910,762","900,302","856,299","635,254","657,596","956,413","903,298","791,355","794,532","759,867","955,816","927,693","1,336,522","1,080,482","922,233","715,582","913,416","780,370","910,031","855,574","1,300,745","599,986","445,205","403,826","636,245","537,497","600,138","699,748","593,231","80,408,291"
256,Ellicott Hall,Residential,"1,040,830","1,217,867","1,029,453","482,369","238,262","118,150","104,077","135,218","310,893","315,567","917,526","548,436","887,193","1,103,621","1,101,114","536,992","235,016","123,758","328,147","511,791","665,530","821,067","703,646","927,278","778,878","932,059","978,217","649,725","439,059","76,335","187,389","309,126","350,720","358,808","466,477","780,060","1,652,706","2,037,940","838,270","617,760","223,088","79,586","97,729","183,269","331,403","405,341","576,901","861,561","466,308","566,291","1,878,449","481,492","263,657","88,400","90,782","179,695","362,276","622,805","770,788","936,381","788,600","914,028","591,247","258,233","77,338","62,144","101,200","352,675","202,652","227,685","575,940","887,920","862,806","907,742","460,055","397,862","117,349","85,467","114,090","398,757","323,523","401,006","760,152","785,929","1,112,675","916,024","1,120,318","700,131","184,413","93,165","95,539","164,397","283,249","496,849","697,663","1,102,872","816,165","809,516","931,377","411,757","183,768","70,656","70,418","195,162","309,402","294,328","852,085","776,007","58,665,871"
257,Ellicott Area Dining Hall,Other,"2,176,433","1,733,236","1,033,411","1,403,421","1,270,197","1,304,976","1,220,961","1,355,063","1,802,332","2,067,462","1,826,872","994,953","728,247","2,218,909","1,997,619","1,893,341","1,633,587","952,605","971,416","1,540,319","2,000,385","2,248,994","1,852,146","2,214,563","1,838,436","1,951,087","1,163,370","1,392,759","1,835,355","1,083,632","1,188,719","1,328,829","1,622,898","1,748,770","2,189,629","1,984,593","1,759,317","2,262,355","1,974,707","2,134,714","1,592,608","1,316,508","1,582,539","1,736,251","1,581,182","1,896,911","2,094,806","1,942,489","2,096,572","1,896,833","2,249,516","2,221,278","2,066,650","1,485,839","1,652,676","1,361,517","1,679,943","1,849,304","1,929,091","2,075,703","1,400,593","2,424,501","1,779,237","418,947","3,302,035","1,207,671","2,390,004","2,172,499","3,017,423","2,327,450","2,065,754","1,903,176","1,567,628","1,633,270","1,979,050","2,047,638","1,343,151","1,451,514","1,212,267","1,988,267","2,383,215","2,106,016","1,396,526","1,724,854","1,757,507","2,093,449","2,128,391","2,573,176","2,352,245","2,027,730","3,471,332","1,436,409","1,339,902","985,549","878,910","1,118,702","904,498","945,823","1,152,757","1,230,147","918,503","1,314,710","852,237","1,259,301","1,008,428","953,953","1,110,320","996,365","182,261,865"
258,Hagerstown Hall,Residential,"1,181,461","1,111,065","1,133,519","590,043","315,141","180,861","193,574","291,704","368,551","486,942","752,569","964,280","999,033","1,002,482","789,256","543,953","265,103","154,763","180,484","363,055","591,890","727,746","754,467","1,128,405","810,239","969,311","986,659","644,267","367,230","217,290","196,004","281,106","339,943","640,439","948,491","880,446","920,337","904,075","1,037,099","780,614","337,501","170,417","130,314","325,666","370,102","553,717","897,539","939,368","1,078,526","808,116","901,642","688,267","61,489","112,144","116,474","287,799","689,256","737,687","836,372","1,061,592","844,623","939,233","728,206","644,623","109,585","79,783","491,115","533,264","713,213","708,040","590,729","1,054,105","923,169","932,051","636,309","337,019","273,735","266,150","361,283","237,018","336,412","485,235","837,509","836,278","1,057,076","1,088,942","1,093,850","1,002,307","307,614","174,181","127,114","184,570","532,259","743,750","925,190","1,088,325","877,761","1,019,587","1,062,922","721,461","458,379","468,430","384,454","575,451","389,324","354,883","903,467","724,054","67,261,923"
259,La Plata Hall,Residential,"1,225,149","1,243,028","2,018,819","712,042","479,757","436,205","514,840","467,834","593,899","615,595","769,471","895,553","1,313,239","998,488","1,085,073","581,146","510,740","444,574","517,568","575,338","665,594","529,299","868,262","1,332,451","1,221,754","815,681","873,157","545,772","512,550","522,011","445,415","456,916","626,781","517,190","795,490","1,028,255","1,131,345","865,819","906,193","811,514","557,631","390,610","492,490","614,765","593,951","563,886","863,252","987,074","1,169,382","698,433","791,025","655,026","580,955","433,201","522,327","557,751","560,509","476,398","656,712","900,193","931,382","864,353","652,471","382,458","337,433","395,225","396,843","489,814","592,170","424,379","571,502","1,087,721","1,013,556","990,301","670,502","475,261","359,931","369,258","462,955","494,106","592,906","612,457","805,341","858,651","1,006,619","750,998","553,241","487,939","460,443","460,524","438,679","566,842","475,948","574,122","709,288","1,191,282","852,260","742,066","706,621","597,211","447,897","470,445","432,708","639,508","566,646","459,549","1,037,702","838,249","74,833,138"
419,Oakland Hall,Residential,"2,329,140","2,417,507","1,924,805","1,359,376","2,033,953","2,088,501","2,974,021","2,213,280","2,579,158","1,751,942","1,637,511","1,930,152","1,868,529","1,768,175","1,539,173","1,451,249","1,472,002","1,879,706","1,567,022","3,137,878","1,503,652","2,536,733","1,966,534","1,766,568","1,813,075","1,516,887","1,765,824","1,532,445","1,127,326","1,288,802","1,596,965","1,388,185","1,583,541","1,605,167","1,979,783","1,882,557","2,056,584","1,645,083","1,976,036","1,434,698","1,759,331","1,450,699","1,680,684","1,799,319","1,697,891","1,516,408","1,720,853","1,744,720","2,301,304","1,885,936","1,826,373","2,008,931","2,380,876","2,114,618","2,703,063","2,591,422","2,700,677","2,108,680","1,589,337","1,708,172","1,636,763","1,814,265","1,318,297","1,272,820","1,353,239","1,483,589","1,871,823","2,219,179","1,766,252","1,170,085","1,391,035","2,016,630","1,988,402","1,748,853","1,381,651","1,502,957","1,263,229","1,455,237","1,651,098","1,864,894","1,965,251","1,549,839","1,491,143","1,607,205","1,711,770","1,552,455","1,498,983","1,574,515","1,850,305","1,693,940","2,117,551","2,290,300","1,459,922","1,454,756","1,661,361","2,081,233","1,659,043","1,761,475","1,912,373","1,889,242","1,685,543","1,894,208","1,500,153","1,986,037","1,828,778","1,637,536","1,902,872","2,112,828","194,679,735"
425,Prince Frederick Hall,Residential,"1,641,947","1,880,237","1,535,463","853,777","855,059","726,168","951,259","866,521","1,022,244","1,526,237","1,096,302","1,325,911","1,180,382","1,475,383","1,104,431","930,555","933,947","1,184,058","1,018,598","1,161,910","1,924,220","859,740","1,130,056","1,921,367","2,105,142","1,824,573","1,130,135","1,445,909","882,098","1,172,816","1,277,554","859,236","1,545,847","1,160,181","1,513,271","1,878,562","2,315,409","1,187,065","1,467,320","1,033,669","1,302,747","1,249,067","1,112,470","1,457,306","1,130,477","1,316,908","1,447,098","1,439,117","1,621,320","1,364,214","1,482,839","1,176,158","1,243,316","1,138,126","1,318,789","1,486,959","1,328,338","1,434,976","1,341,646","1,160,834","1,287,673","1,368,797","1,217,986","922,864","889,207","905,037","1,442,691","1,171,618","1,322,101","1,118,055","1,228,924","1,591,157","1,813,005","1,709,516","1,420,333","1,267,745","944,283","1,237,436","1,140,487","1,392,856","1,367,748","1,346,930","1,379,966","1,547,459","1,883,733","1,624,046","1,416,547","1,347,196","983,842","1,077,108","1,148,511","1,127,991","1,184,688","1,225,020","1,263,400","1,658,930","1,384,936","1,385,270","1,405,853","1,350,129","897,398","1,114,884","1,142,805","1,570,489","1,118,912","1,018,902","1,341,695","1,328,017","140,491,443"
Total by Month,,,"24,465,499","27,666,883","22,560,968","15,047,723","12,206,181","10,426,086","12,594,159","11,953,518","15,272,073","17,085,279","18,847,232","19,230,542","21,281,144","24,396,135","19,867,568","16,680,959","12,412,476","13,037,494","13,834,507","17,986,486","18,958,043","19,479,279","20,000,840","26,539,159","23,453,736","21,991,307","22,766,825","17,713,276","13,919,664","12,149,158","14,024,729","14,596,496","15,399,549","17,196,285","21,109,081","22,495,235","25,368,112","23,972,099","22,337,906","17,968,507","14,692,425","13,081,648","14,083,500","16,843,430","17,842,470","18,782,521","22,039,257","22,141,206","23,421,685","21,375,380","22,546,584","18,079,212","16,719,151","13,778,688","16,658,327","18,627,258","19,990,367","19,617,246","19,733,548","22,346,118","19,594,097","22,649,665","16,190,589","12,351,929","13,662,168","11,303,869","13,885,099","16,609,512","18,225,605","15,431,872","16,124,308","21,177,549","21,127,403","22,972,804","17,588,693","15,571,506","10,520,708","11,994,836","12,866,506","16,810,329","19,322,529","18,087,298","18,379,841","20,044,168","23,601,211","22,288,735","19,832,667","18,472,841","13,968,175","12,651,955","15,787,431","15,884,081","14,272,126","14,784,963","16,505,618","22,148,376","17,374,223","19,398,941","20,004,082","17,467,248","13,426,402","13,586,259","12,447,297","17,358,061","15,680,458","15,066,339","20,277,433","18,896,383","1,924,366,409"